[{"content":"rizvy","date":"2021-05-25T05:10:33.308Z"},{"content":"engineeru_memes","date":"2021-05-25T05:10:43.133Z"},{"content":"banbob1","date":"2021-05-25T05:10:57.464Z"},{"content":"sow","date":"2021-05-25T05:12:00.752Z"},{"content":"","date":"2021-05-25T05:12:20.817Z"},{"content":"Y-19-Part0","date":"2021-05-25T05:12:20.921Z"},{"content":"Y-19-Part0","date":"2021-05-25T05:12:44.951Z"},{"content":"Y19","date":"2021-05-25T05:12:58.538Z"},{"content":"srinisha","date":"2021-05-25T05:13:51.288Z"},{"content":"sup","date":"2021-05-25T05:18:04.521Z"},{"content":"jai balayya","date":"2021-05-25T05:28:26.209Z"},{"content":"","date":"2021-05-25T05:30:37.102Z"},{"content":"hello","date":"2021-05-25T05:31:01.059Z"},{"content":"SSDSSS","date":"2021-05-25T05:32:08.549Z"},{"content":"","date":"2021-05-25T05:33:28.230Z"},{"content":"","date":"2021-05-25T05:34:39.893Z"},{"content":"hello world","date":"2021-05-25T05:34:47.485Z"},{"content":"chaturyaakhilap","date":"2021-05-25T05:37:41.173Z"},{"content":"444","date":"2021-05-25T05:38:13.269Z"},{"content":"SSDSSS","date":"2021-05-25T05:46:13.437Z"},{"content":"jai miakhalifaaa","date":"2021-05-25T05:49:06.718Z"},{"content":"something","date":"2021-05-25T06:01:27.415Z"},{"content":"Hello","date":"2021-05-25T06:07:57.801Z"},{"content":"something","date":"2021-05-25T06:09:15.886Z"},{"content":"work","date":"2021-05-25T06:09:18.636Z"},{"content":"vamos viendo dijo un ciego","date":"2021-05-25T06:19:19.037Z"},{"content":"engineeru_memes","date":"2021-05-25T06:24:42.124Z"},{"content":"likhith","date":"2021-05-25T06:33:16.546Z"},{"content":"engineeru_memes","date":"2021-05-25T06:47:26.492Z"},{"content":"υποστηρίζει και Ελληνικά","date":"2021-05-25T07:07:45.132Z"},{"content":"0.6","date":"2021-05-25T07:08:54.491Z"},{"content":"engineeru_memes","date":"2021-05-25T07:12:42.198Z"},{"content":"test","date":"2021-05-25T07:13:20.067Z"},{"content":"","date":"2021-05-25T07:14:48.242Z"},{"content":"kkjkj","date":"2021-05-25T07:14:53.614Z"},{"content":"as","date":"2021-05-25T07:15:19.749Z"},{"content":"jajeja","date":"2021-05-25T07:17:14.428Z"},{"content":"dea","date":"2021-05-25T07:17:24.417Z"},{"content":"test","date":"2021-05-25T07:18:22.304Z"},{"content":"dd","date":"2021-05-25T07:20:57.366Z"},{"content":"","date":"2021-05-25T07:21:20.812Z"},{"content":"asd","date":"2021-05-25T07:21:47.590Z"},{"content":"dd","date":"2021-05-25T07:24:18.245Z"},{"content":"asd","date":"2021-05-25T07:26:57.855Z"},{"content":"test","date":"2021-05-25T07:29:26.418Z"},{"content":"test","date":"2021-05-25T07:30:41.942Z"},{"content":"12","date":"2021-05-25T07:33:20.892Z"},{"content":"test","date":"2021-05-25T07:34:53.950Z"},{"content":"sadsads","date":"2021-05-25T07:35:38.600Z"},{"content":"something","date":"2021-05-25T07:37:01.095Z"},{"content":"something more","date":"2021-05-25T07:37:10.724Z"},{"content":"tried and tested","date":"2021-05-25T07:37:20.798Z"},{"content":"Sedn a note to server","date":"2021-05-25T07:38:09.675Z"},{"content":"","date":"2021-05-25T07:38:12.091Z"},{"content":"preserve your logs","date":"2021-05-25T07:38:35.609Z"},{"content":"something","date":"2021-05-25T07:39:49.067Z"},{"content":"simething more","date":"2021-05-25T07:39:56.507Z"},{"content":"moething even more","date":"2021-05-25T07:40:09.491Z"},{"content":"y19-full","date":"2021-05-25T07:42:20.834Z"},{"content":"y19-full","date":"2021-05-25T07:42:20.903Z"},{"content":"you sure?","date":"2021-05-25T07:44:48.235Z"},{"content":"another one","date":"2021-05-25T07:45:39.605Z"},{"content":"Ich bin eine Freelander","date":"2021-05-25T07:51:39.767Z"},{"content":"so its","date":"2021-05-25T07:56:12.296Z"},{"content":"","date":"2021-05-25T07:58:02.597Z"},{"content":"","date":"2021-05-25T07:58:12.853Z"},{"content":"","date":"2021-05-25T07:58:15.478Z"},{"content":"test","date":"2021-05-25T08:07:38.753Z"},{"content":"test","date":"2021-05-25T08:07:52.580Z"},{"content":"spa1","date":"2021-05-25T08:08:10.579Z"},{"content":"mouli","date":"2021-05-25T08:29:15.648Z"},{"content":"try this","date":"2021-05-25T08:42:09.985Z"},{"content":"","date":"2021-05-25T08:58:34.471Z"},{"content":"well well","date":"2021-05-25T09:03:26.165Z"},{"content":"shikara","date":"2021-05-25T09:08:54.944Z"},{"content":"shikara","date":"2021-05-25T09:09:09.448Z"},{"content":"","date":"2021-05-25T09:09:50.670Z"},{"content":"","date":"2021-05-25T09:11:58.112Z"},{"content":"well well","date":"2021-05-25T09:15:58.538Z"},{"content":"e","date":"2021-05-25T09:37:14.083Z"},{"content":"rajesh","date":"2021-05-25T09:44:38.261Z"},{"content":"test","date":"2021-05-25T09:45:08.277Z"},{"content":"","date":"2021-05-25T09:56:19.536Z"},{"content":"e","date":"2021-05-25T10:27:23.126Z"},{"content":"","date":"2021-05-25T10:40:25.371Z"},{"content":"rahul","date":"2021-05-25T10:43:18.346Z"},{"content":"hhh","date":"2021-05-25T10:45:19.217Z"},{"content":"lol","date":"2021-05-25T11:06:00.400Z"},{"content":"new note","date":"2021-05-25T11:07:47.967Z"},{"content":"iii","date":"2021-05-25T11:09:49.923Z"},{"content":"SPA testi 2","date":"2021-05-25T11:11:47.899Z"},{"content":"shikara","date":"2021-05-25T11:15:38.173Z"},{"content":"hej","date":"2021-05-25T11:25:59.774Z"},{"content":"new excersice","date":"2021-05-25T11:31:11.488Z"},{"content":"hello","date":"2021-05-25T11:36:33.916Z"},{"content":"rishitha","date":"2021-05-25T11:37:37.853Z"},{"content":"tum paas aaye...","date":"2021-05-25T11:44:25.757Z"},{"content":"rai rai rai","date":"2021-05-25T11:45:14.644Z"},{"content":"hello new note full stack","date":"2021-05-25T11:49:10.201Z"},{"content":"SPA testi 3","date":"2021-05-25T11:53:45.870Z"}]