{
  "persons": [
    {
      "name": "Arto Hellas",
      "number": "040-123456",
      "id": 1
    },
    {
      "name": "Ada Lovelace",
      "number": "39-44-5323523",
      "id": 2
    },
    {
      "name": "Dan Abramov",
      "number": "12-43-234345",
      "id": 3
    },
    {
      "name": "Mary Poppendieck",
      "number": "987456123",
      "id": 4
    },
    {
      "name": "balajee",
      "number": "12345",
      "id": 5
    },
    {
      "name": "Data Addition",
      "number": "123456789",
      "id": 9
    }
  ]
}
